label,run,browser_version,W,record_len_from_header,W_check,ch_handshake_len,n_ext,n_ext_grease,key_shares,ech_len,padding_len,psk_present,n_clienthellos_in_capture,seg_mss1448,seg_mss1208,status
edge,1,154.0.4258.53,1797,1792,OK,1792,18,2,GREASE/1;X25519MLKEM768/1216;X25519/32,250,,0,1,2,2,OK
edge,2,154.0.4258.53,1797,1792,OK,1792,18,2,GREASE/1;X25519MLKEM768/1216;X25519/32,250,,0,1,2,2,OK
edge,3,154.0.4258.53,1733,1728,OK,1728,18,2,GREASE/1;X25519MLKEM768/1216;X25519/32,186,,0,1,2,2,OK
edge,4,154.0.4258.53,1797,1792,OK,1792,18,2,GREASE/1;X25519MLKEM768/1216;X25519/32,250,,0,1,2,2,OK
edge,5,154.0.4258.53,1765,1760,OK,1760,18,2,GREASE/1;X25519MLKEM768/1216;X25519/32,218,,0,1,2,2,OK
pw-chromium,1,141.0.7390.37,1821,1816,OK,1816,18,2,GREASE/1;X25519MLKEM768/1216;X25519/32,282,,0,1,2,2,OK
pw-chromium,2,141.0.7390.37,1725,1720,OK,1720,18,2,GREASE/1;X25519MLKEM768/1216;X25519/32,186,,0,1,2,2,OK
pw-chromium,3,141.0.7390.37,1789,1784,OK,1784,18,2,GREASE/1;X25519MLKEM768/1216;X25519/32,250,,0,1,2,2,OK
pw-chromium,4,141.0.7390.37,1821,1816,OK,1816,18,2,GREASE/1;X25519MLKEM768/1216;X25519/32,282,,0,1,2,2,OK
pw-chromium,5,141.0.7390.37,1789,1784,OK,1784,18,2,GREASE/1;X25519MLKEM768/1216;X25519/32,250,,0,1,2,2,OK
