label,iter,mode,group_cfg,sni_len,t_tcp_ms,t_tls_ms,t_total_ms,ch_len,ch_ks_n,ch_ks_bytes,ch_groups,ch_psk,sh_len,sh_group,sh_ks_len,sh_psk,reused,retrans,ok,mtu,seg_lens
mtu=1500,0,full,X25519,4,2.397,4.480,6.877,243,1,36,001d/32,0,122,001d,32,0,0,0,1,1500,248 80 24 
mtu=1500,0,full,X25519,15,2.449,4.149,6.598,254,1,36,001d/32,0,122,001d,32,0,0,0,1,1500,259 80 24 
mtu=1500,0,full,X25519,38,2.405,4.358,6.763,277,1,36,001d/32,0,122,001d,32,0,0,0,1,1500,282 80 24 
mtu=1500,0,full,X25519,62,2.434,4.201,6.635,301,1,36,001d/32,0,122,001d,32,0,0,0,1,1500,306 80 24 
mtu=1500,0,full,secp256r1,4,2.354,3.870,6.223,276,1,69,0017/65,0,155,0017,65,0,0,0,1,1500,281 80 24 
mtu=1500,0,full,secp256r1,15,2.367,3.920,6.287,287,1,69,0017/65,0,155,0017,65,0,0,0,1,1500,292 80 24 
mtu=1500,0,full,secp256r1,38,2.369,4.098,6.468,310,1,69,0017/65,0,155,0017,65,0,0,0,1,1500,315 80 24 
mtu=1500,0,full,secp256r1,62,2.489,7.291,9.780,334,1,69,0017/65,0,155,0017,65,0,0,0,1,1500,339 80 24 
mtu=1500,0,full,X25519MLKEM768:X25519,4,2.405,4.974,7.378,1429,1,1220,11ec/1216,0,1210,11ec,1120,0,0,0,1,1500,1434 80 24 
mtu=1500,0,full,X25519MLKEM768:X25519,15,2.532,6.707,9.239,1440,1,1220,11ec/1216,0,1210,11ec,1120,0,0,0,1,1500,1445 80 24 
mtu=1500,0,full,X25519MLKEM768:X25519,38,2.396,4.223,6.619,1463,1,1220,11ec/1216,0,1210,11ec,1120,0,0,0,1,1500,1448 20 80 24 
mtu=1500,0,full,X25519MLKEM768:X25519,62,2.394,4.334,6.728,1487,1,1220,11ec/1216,0,1210,11ec,1120,0,0,0,1,1500,1448 44 80 24 
mtu=1500,0,full,default,4,2.347,4.129,6.476,1477,2,1256,11ec/1216;001d/32,0,1210,11ec,1120,0,0,0,1,1500,1448 34 80 24 
mtu=1500,0,full,default,15,2.388,4.199,6.587,1488,2,1256,11ec/1216;001d/32,0,1210,11ec,1120,0,0,0,1,1500,1448 45 80 24 
mtu=1500,0,full,default,38,2.466,4.497,6.963,1511,2,1256,11ec/1216;001d/32,0,1210,11ec,1120,0,0,0,1,1500,1448 68 80 24 
mtu=1500,0,full,default,62,2.455,4.468,6.924,1535,2,1256,11ec/1216;001d/32,0,1210,11ec,1120,0,0,0,1,1500,1448 92 80 24 
mtu=1500,0,full,SecP256r1MLKEM768,4,2.368,4.663,7.031,1452,1,1253,11eb/1249,0,1243,11eb,1153,0,0,0,1,1500,1448 9 80 24 
mtu=1500,0,full,SecP256r1MLKEM768,15,2.372,4.338,6.711,1463,1,1253,11eb/1249,0,1243,11eb,1153,0,0,0,1,1500,1448 20 80 24 
mtu=1500,0,full,SecP256r1MLKEM768,38,2.373,4.175,6.548,1486,1,1253,11eb/1249,0,1243,11eb,1153,0,0,0,1,1500,1448 43 80 24 
mtu=1500,0,full,SecP256r1MLKEM768,62,2.361,4.150,6.511,1510,1,1253,11eb/1249,0,1243,11eb,1153,0,0,0,1,1500,1448 67 80 24 
mtu=1500,0,full,MLKEM768,4,2.469,4.090,6.559,1387,1,1188,0201/1184,0,1178,0201,1088,0,0,0,1,1500,1392 80 24 
mtu=1500,0,full,MLKEM768,15,2.513,5.413,7.925,1398,1,1188,0201/1184,0,1178,0201,1088,0,0,0,1,1500,1403 80 24 
mtu=1500,0,full,MLKEM768,38,5.240,4.236,9.475,1421,1,1188,0201/1184,0,1178,0201,1088,0,0,0,1,1500,1426 80 24 
mtu=1500,0,full,MLKEM768,62,2.480,4.341,6.821,1445,1,1188,0201/1184,0,1178,0201,1088,0,0,0,1,1500,1448 2 80 24 
mtu=1500,0,full,MLKEM1024,4,2.489,4.453,6.942,1771,1,1572,0202/1568,0,1658,0202,1568,0,0,0,1,1500,1448 328 80 24 
mtu=1500,0,full,MLKEM1024,15,2.360,4.080,6.440,1782,1,1572,0202/1568,0,1658,0202,1568,0,0,0,1,1500,1448 339 80 24 
mtu=1500,0,full,MLKEM1024,38,2.486,5.200,7.685,1805,1,1572,0202/1568,0,1658,0202,1568,0,0,0,1,1500,1448 362 80 24 
mtu=1500,0,full,MLKEM1024,62,2.915,4.577,7.492,1829,1,1572,0202/1568,0,1658,0202,1568,0,0,0,1,1500,1448 386 80 24 
mtu=1500,0,full,SecP384r1MLKEM1024,4,2.372,7.808,10.180,1868,1,1669,11ed/1665,0,1755,11ed,1665,0,0,0,1,1500,1448 425 80 24 
mtu=1500,0,full,SecP384r1MLKEM1024,15,2.367,7.861,10.228,1879,1,1669,11ed/1665,0,1755,11ed,1665,0,0,0,1,1500,1448 436 80 24 
mtu=1500,0,full,SecP384r1MLKEM1024,38,2.374,11.115,13.489,1902,1,1669,11ed/1665,0,1755,11ed,1665,0,0,0,1,1500,1448 459 80 24 
mtu=1500,0,full,SecP384r1MLKEM1024,62,2.337,8.113,10.450,1926,1,1669,11ed/1665,0,1755,11ed,1665,0,0,0,1,1500,1448 483 80 24 
mtu=1400,0,full,X25519,4,2.362,4.096,6.458,243,1,36,001d/32,0,122,001d,32,0,0,0,1,1400,248 80 24 
mtu=1400,0,full,X25519,15,2.377,3.832,6.209,254,1,36,001d/32,0,122,001d,32,0,0,0,1,1400,259 80 24 
mtu=1400,0,full,X25519,38,2.350,3.998,6.348,277,1,36,001d/32,0,122,001d,32,0,0,0,1,1400,282 80 24 
mtu=1400,0,full,X25519,62,2.361,3.983,6.344,301,1,36,001d/32,0,122,001d,32,0,0,0,1,1400,306 80 24 
mtu=1400,0,full,secp256r1,4,2.432,4.416,6.848,276,1,69,0017/65,0,155,0017,65,0,0,0,1,1400,281 80 24 
mtu=1400,0,full,secp256r1,15,2.556,5.412,7.968,287,1,69,0017/65,0,155,0017,65,0,0,0,1,1400,292 80 24 
mtu=1400,0,full,secp256r1,38,2.401,4.075,6.476,310,1,69,0017/65,0,155,0017,65,0,0,0,1,1400,315 80 24 
mtu=1400,0,full,secp256r1,62,2.454,4.268,6.722,334,1,69,0017/65,0,155,0017,65,0,0,0,1,1400,339 80 24 
mtu=1400,0,full,X25519MLKEM768:X25519,4,2.371,4.252,6.624,1429,1,1220,11ec/1216,0,1210,11ec,1120,0,0,0,1,1400,1348 86 80 24 
mtu=1400,0,full,X25519MLKEM768:X25519,15,2.346,4.156,6.503,1440,1,1220,11ec/1216,0,1210,11ec,1120,0,0,0,1,1400,1348 97 80 24 
mtu=1400,0,full,X25519MLKEM768:X25519,38,2.431,5.202,7.633,1463,1,1220,11ec/1216,0,1210,11ec,1120,0,0,0,1,1400,1348 120 80 24 
mtu=1400,0,full,X25519MLKEM768:X25519,62,2.335,4.263,6.598,1487,1,1220,11ec/1216,0,1210,11ec,1120,0,0,0,1,1400,1348 144 80 24 
mtu=1400,0,full,default,4,2.444,4.408,6.852,1477,2,1256,11ec/1216;001d/32,0,1210,11ec,1120,0,0,0,1,1400,1348 134 80 24 
mtu=1400,0,full,default,15,2.574,5.655,8.228,1488,2,1256,11ec/1216;001d/32,0,1210,11ec,1120,0,0,0,1,1400,1348 145 80 24 
mtu=1400,0,full,default,38,2.356,4.131,6.487,1511,2,1256,11ec/1216;001d/32,0,1210,11ec,1120,0,0,0,1,1400,1348 168 80 24 
mtu=1400,0,full,default,62,2.381,5.066,7.447,1535,2,1256,11ec/1216;001d/32,0,1210,11ec,1120,0,0,0,1,1400,1348 192 80 24 
mtu=1400,0,full,SecP256r1MLKEM768,4,2.456,4.462,6.918,1452,1,1253,11eb/1249,0,1243,11eb,1153,0,0,0,1,1400,1348 109 80 24 
mtu=1400,0,full,SecP256r1MLKEM768,15,2.430,5.177,7.607,1463,1,1253,11eb/1249,0,1243,11eb,1153,0,0,0,1,1400,1348 120 80 24 
mtu=1400,0,full,SecP256r1MLKEM768,38,2.408,4.346,6.754,1486,1,1253,11eb/1249,0,1243,11eb,1153,0,0,0,1,1400,1348 143 80 24 
mtu=1400,0,full,SecP256r1MLKEM768,62,2.544,5.674,8.218,1510,1,1253,11eb/1249,0,1243,11eb,1153,0,0,0,1,1400,1348 167 80 24 
mtu=1400,0,full,MLKEM768,4,2.645,5.033,7.678,1387,1,1188,0201/1184,0,1178,0201,1088,0,0,0,1,1400,1348 44 80 24 
mtu=1400,0,full,MLKEM768,15,2.379,3.927,6.306,1398,1,1188,0201/1184,0,1178,0201,1088,0,0,0,1,1400,1348 55 80 24 
mtu=1400,0,full,MLKEM768,38,2.420,4.727,7.146,1421,1,1188,0201/1184,0,1178,0201,1088,0,0,0,1,1400,1348 78 80 24 
mtu=1400,0,full,MLKEM768,62,2.401,4.104,6.505,1445,1,1188,0201/1184,0,1178,0201,1088,0,0,0,1,1400,1348 102 80 24 
mtu=1400,0,full,MLKEM1024,4,2.376,4.168,6.545,1771,1,1572,0202/1568,0,1658,0202,1568,0,0,0,1,1400,1348 428 80 24 
mtu=1400,0,full,MLKEM1024,15,2.534,4.231,6.766,1782,1,1572,0202/1568,0,1658,0202,1568,0,0,0,1,1400,1348 439 80 24 
mtu=1400,0,full,MLKEM1024,38,2.481,4.204,6.686,1805,1,1572,0202/1568,0,1658,0202,1568,0,0,0,1,1400,1348 462 80 24 
mtu=1400,0,full,MLKEM1024,62,2.413,4.388,6.800,1829,1,1572,0202/1568,0,1658,0202,1568,0,0,0,1,1400,1348 486 80 24 
mtu=1400,0,full,SecP384r1MLKEM1024,4,2.593,10.146,12.739,1868,1,1669,11ed/1665,0,1755,11ed,1665,0,0,0,1,1400,1348 525 80 24 
mtu=1400,0,full,SecP384r1MLKEM1024,15,2.416,8.249,10.665,1879,1,1669,11ed/1665,0,1755,11ed,1665,0,0,0,1,1400,1348 536 80 24 
mtu=1400,0,full,SecP384r1MLKEM1024,38,2.398,8.256,10.654,1902,1,1669,11ed/1665,0,1755,11ed,1665,0,0,0,1,1400,1348 559 80 24 
mtu=1400,0,full,SecP384r1MLKEM1024,62,2.431,8.147,10.578,1926,1,1669,11ed/1665,0,1755,11ed,1665,0,0,0,1,1400,1348 583 80 24 
mtu=1280,0,full,X25519,4,2.476,4.382,6.857,243,1,36,001d/32,0,122,001d,32,0,0,0,1,1280,248 80 24 
mtu=1280,0,full,X25519,15,2.573,4.893,7.466,254,1,36,001d/32,0,122,001d,32,0,0,0,1,1280,259 80 24 
mtu=1280,0,full,X25519,38,2.539,5.099,7.637,277,1,36,001d/32,0,122,001d,32,0,0,0,1,1280,282 80 24 
mtu=1280,0,full,X25519,62,2.383,4.349,6.731,301,1,36,001d/32,0,122,001d,32,0,0,0,1,1280,306 80 24 
mtu=1280,0,full,secp256r1,4,2.498,5.140,7.638,276,1,69,0017/65,0,155,0017,65,0,0,0,1,1280,281 80 24 
mtu=1280,0,full,secp256r1,15,2.442,4.222,6.665,287,1,69,0017/65,0,155,0017,65,0,0,0,1,1280,292 80 24 
mtu=1280,0,full,secp256r1,38,2.484,4.076,6.559,310,1,69,0017/65,0,155,0017,65,0,0,0,1,1280,315 80 24 
mtu=1280,0,full,secp256r1,62,2.393,4.370,6.763,334,1,69,0017/65,0,155,0017,65,0,0,0,1,1280,339 80 24 
mtu=1280,0,full,X25519MLKEM768:X25519,4,2.384,4.364,6.748,1429,1,1220,11ec/1216,0,1210,11ec,1120,0,0,0,1,1280,1228 206 80 24 
mtu=1280,0,full,X25519MLKEM768:X25519,15,2.515,5.213,7.727,1440,1,1220,11ec/1216,0,1210,11ec,1120,0,0,0,1,1280,1228 217 80 24 
mtu=1280,0,full,X25519MLKEM768:X25519,38,2.340,4.351,6.690,1463,1,1220,11ec/1216,0,1210,11ec,1120,0,0,0,1,1280,1228 240 80 24 
mtu=1280,0,full,X25519MLKEM768:X25519,62,2.560,5.089,7.650,1487,1,1220,11ec/1216,0,1210,11ec,1120,0,0,0,1,1280,1228 264 80 24 
mtu=1280,0,full,default,4,2.422,4.413,6.835,1477,2,1256,11ec/1216;001d/32,0,1210,11ec,1120,0,0,0,1,1280,1228 254 80 24 
mtu=1280,0,full,default,15,2.595,4.209,6.804,1488,2,1256,11ec/1216;001d/32,0,1210,11ec,1120,0,0,0,1,1280,1228 265 80 24 
mtu=1280,0,full,default,38,2.382,4.428,6.810,1511,2,1256,11ec/1216;001d/32,0,1210,11ec,1120,0,0,0,1,1280,1228 288 80 24 
mtu=1280,0,full,default,62,2.444,4.590,7.035,1535,2,1256,11ec/1216;001d/32,0,1210,11ec,1120,0,0,0,1,1280,1228 312 80 24 
mtu=1280,0,full,SecP256r1MLKEM768,4,2.435,4.732,7.166,1452,1,1253,11eb/1249,0,1243,11eb,1153,0,0,0,1,1280,1228 229 80 24 
mtu=1280,0,full,SecP256r1MLKEM768,15,2.384,4.295,6.679,1463,1,1253,11eb/1249,0,1243,11eb,1153,0,0,0,1,1280,1228 240 80 24 
mtu=1280,0,full,SecP256r1MLKEM768,38,2.687,5.514,8.201,1486,1,1253,11eb/1249,0,1243,11eb,1153,0,0,0,1,1280,1228 263 80 24 
mtu=1280,0,full,SecP256r1MLKEM768,62,2.379,4.736,7.114,1510,1,1253,11eb/1249,0,1243,11eb,1153,0,0,0,1,1280,1228 287 80 24 
mtu=1280,0,full,MLKEM768,4,2.405,3.992,6.397,1387,1,1188,0201/1184,0,1178,0201,1088,0,0,0,1,1280,1228 164 80 24 
mtu=1280,0,full,MLKEM768,15,2.452,4.143,6.594,1398,1,1188,0201/1184,0,1178,0201,1088,0,0,0,1,1280,1228 175 80 24 
mtu=1280,0,full,MLKEM768,38,2.486,4.498,6.985,1421,1,1188,0201/1184,0,1178,0201,1088,0,0,0,1,1280,1228 198 80 24 
mtu=1280,0,full,MLKEM768,62,2.414,4.182,6.596,1445,1,1188,0201/1184,0,1178,0201,1088,0,0,0,1,1280,1228 222 80 24 
mtu=1280,0,full,MLKEM1024,4,2.356,4.040,6.396,1771,1,1572,0202/1568,0,1658,0202,1568,0,0,0,1,1280,1228 548 80 24 
mtu=1280,0,full,MLKEM1024,15,2.455,4.106,6.561,1782,1,1572,0202/1568,0,1658,0202,1568,0,0,0,1,1280,1228 559 80 24 
mtu=1280,0,full,MLKEM1024,38,2.441,4.208,6.649,1805,1,1572,0202/1568,0,1658,0202,1568,0,0,0,1,1280,1228 582 80 24 
mtu=1280,0,full,MLKEM1024,62,2.434,4.839,7.273,1829,1,1572,0202/1568,0,1658,0202,1568,0,0,0,1,1280,1228 606 80 24 
mtu=1280,0,full,SecP384r1MLKEM1024,4,2.389,8.166,10.554,1868,1,1669,11ed/1665,0,1755,11ed,1665,0,0,0,1,1280,1228 645 80 24 
mtu=1280,0,full,SecP384r1MLKEM1024,15,2.405,8.658,11.062,1879,1,1669,11ed/1665,0,1755,11ed,1665,0,0,0,1,1280,1228 656 80 24 
mtu=1280,0,full,SecP384r1MLKEM1024,38,2.490,12.437,14.927,1902,1,1669,11ed/1665,0,1755,11ed,1665,0,0,0,1,1280,1228 679 80 24 
mtu=1280,0,full,SecP384r1MLKEM1024,62,2.386,7.892,10.278,1926,1,1669,11ed/1665,0,1755,11ed,1665,0,0,0,1,1280,1228 703 80 24 
