{"label": "pass=A;cert=ec;rtt=50;model=bernoulli;p=0.0;dir=both", "group": "X25519", "N": 150, "TCPLossProbes": 0, "TCPLossProbeRecovery": 0, "TCPTimeouts": 0, "TCPSackRecovery": 0, "TCPLostRetransmit": 0, "TCPFastRetrans": 0}
{"label": "pass=A;cert=ec;rtt=50;model=bernoulli;p=0.0;dir=both", "group": "X25519MLKEM768:X25519", "N": 150, "TCPLossProbes": 0, "TCPLossProbeRecovery": 0, "TCPTimeouts": 0, "TCPSackRecovery": 0, "TCPLostRetransmit": 0, "TCPFastRetrans": 0}
{"label": "pass=A;cert=ec;rtt=50;model=bernoulli;p=0.0;dir=both", "group": "default", "N": 150, "TCPLossProbes": 0, "TCPLossProbeRecovery": 0, "TCPTimeouts": 0, "TCPSackRecovery": 0, "TCPLostRetransmit": 0, "TCPFastRetrans": 0}
{"label": "pass=A;cert=ec;rtt=50;model=bernoulli;p=0.01;dir=both", "group": "X25519", "N": 150, "TCPLossProbes": 3, "TCPLossProbeRecovery": 3, "TCPTimeouts": 3, "TCPSackRecovery": 0, "TCPLostRetransmit": 0, "TCPFastRetrans": 0}
{"label": "pass=A;cert=ec;rtt=50;model=bernoulli;p=0.01;dir=both", "group": "X25519MLKEM768:X25519", "N": 150, "TCPLossProbes": 2, "TCPLossProbeRecovery": 2, "TCPTimeouts": 3, "TCPSackRecovery": 0, "TCPLostRetransmit": 0, "TCPFastRetrans": 0}
{"label": "pass=A;cert=ec;rtt=50;model=bernoulli;p=0.01;dir=both", "group": "default", "N": 150, "TCPLossProbes": 3, "TCPLossProbeRecovery": 2, "TCPTimeouts": 0, "TCPSackRecovery": 2, "TCPLostRetransmit": 0, "TCPFastRetrans": 2}
{"label": "pass=A;cert=ec;rtt=50;model=bernoulli;p=0.02;dir=both", "group": "X25519", "N": 150, "TCPLossProbes": 4, "TCPLossProbeRecovery": 3, "TCPTimeouts": 7, "TCPSackRecovery": 2, "TCPLostRetransmit": 0, "TCPFastRetrans": 2}
{"label": "pass=A;cert=ec;rtt=50;model=bernoulli;p=0.02;dir=both", "group": "X25519MLKEM768:X25519", "N": 150, "TCPLossProbes": 4, "TCPLossProbeRecovery": 3, "TCPTimeouts": 6, "TCPSackRecovery": 1, "TCPLostRetransmit": 0, "TCPFastRetrans": 1}
{"label": "pass=A;cert=ec;rtt=50;model=bernoulli;p=0.02;dir=both", "group": "default", "N": 150, "TCPLossProbes": 3, "TCPLossProbeRecovery": 4, "TCPTimeouts": 12, "TCPSackRecovery": 4, "TCPLostRetransmit": 1, "TCPFastRetrans": 4}
{"label": "pass=A;cert=ec;rtt=50;model=bernoulli;p=0.05;dir=both", "group": "X25519", "N": 150, "TCPLossProbes": 11, "TCPLossProbeRecovery": 9, "TCPTimeouts": 12, "TCPSackRecovery": 6, "TCPLostRetransmit": 0, "TCPFastRetrans": 6}
{"label": "pass=A;cert=ec;rtt=50;model=bernoulli;p=0.05;dir=both", "group": "X25519MLKEM768:X25519", "N": 150, "TCPLossProbes": 4, "TCPLossProbeRecovery": 3, "TCPTimeouts": 21, "TCPSackRecovery": 6, "TCPLostRetransmit": 6, "TCPFastRetrans": 6}
{"label": "pass=A;cert=ec;rtt=50;model=bernoulli;p=0.05;dir=both", "group": "default", "N": 150, "TCPLossProbes": 6, "TCPLossProbeRecovery": 4, "TCPTimeouts": 22, "TCPSackRecovery": 17, "TCPLostRetransmit": 3, "TCPFastRetrans": 17}
{"label": "pass=A;cert=ec;rtt=50;model=bernoulli;p=0.1;dir=both", "group": "X25519", "N": 150, "TCPLossProbes": 17, "TCPLossProbeRecovery": 11, "TCPTimeouts": 39, "TCPSackRecovery": 11, "TCPLostRetransmit": 9, "TCPFastRetrans": 11}
{"label": "pass=A;cert=ec;rtt=50;model=bernoulli;p=0.1;dir=both", "group": "X25519MLKEM768:X25519", "N": 150, "TCPLossProbes": 21, "TCPLossProbeRecovery": 13, "TCPTimeouts": 48, "TCPSackRecovery": 15, "TCPLostRetransmit": 7, "TCPFastRetrans": 15}
{"label": "pass=A;cert=ec;rtt=50;model=bernoulli;p=0.1;dir=both", "group": "default", "N": 150, "TCPLossProbes": 16, "TCPLossProbeRecovery": 5, "TCPTimeouts": 50, "TCPSackRecovery": 35, "TCPLostRetransmit": 12, "TCPFastRetrans": 35}
{"label": "pass=A;cert=ec;rtt=50;model=ge;p=0.05;dir=both", "group": "X25519", "N": 150, "TCPLossProbes": 10, "TCPLossProbeRecovery": 4, "TCPTimeouts": 28, "TCPSackRecovery": 5, "TCPLostRetransmit": 10, "TCPFastRetrans": 5}
{"label": "pass=A;cert=ec;rtt=50;model=ge;p=0.05;dir=both", "group": "X25519MLKEM768:X25519", "N": 150, "TCPLossProbes": 16, "TCPLossProbeRecovery": 6, "TCPTimeouts": 24, "TCPSackRecovery": 8, "TCPLostRetransmit": 3, "TCPFastRetrans": 8}
