{"label": "pass=B;cert=ec;rtt=20;model=bernoulli;p=0.0;dir=c2s", "group": "X25519", "N": 50, "TCPLossProbes": 0, "TCPLossProbeRecovery": 0, "TCPTimeouts": 0, "TCPSackRecovery": 0, "TCPLostRetransmit": 0, "TCPFastRetrans": 0}
{"label": "pass=B;cert=ec;rtt=20;model=bernoulli;p=0.0;dir=c2s", "group": "X25519MLKEM768:X25519", "N": 50, "TCPLossProbes": 0, "TCPLossProbeRecovery": 0, "TCPTimeouts": 0, "TCPSackRecovery": 0, "TCPLostRetransmit": 0, "TCPFastRetrans": 0}
{"label": "pass=B;cert=ec;rtt=20;model=bernoulli;p=0.0;dir=c2s", "group": "default", "N": 50, "TCPLossProbes": 0, "TCPLossProbeRecovery": 0, "TCPTimeouts": 0, "TCPSackRecovery": 0, "TCPLostRetransmit": 0, "TCPFastRetrans": 0}
{"label": "pass=B;cert=ec;rtt=20;model=bernoulli;p=0.05;dir=c2s", "group": "X25519", "N": 300, "TCPLossProbes": 16, "TCPLossProbeRecovery": 14, "TCPTimeouts": 24, "TCPSackRecovery": 15, "TCPLostRetransmit": 3, "TCPFastRetrans": 15}
{"label": "pass=B;cert=ec;rtt=20;model=bernoulli;p=0.05;dir=c2s", "group": "X25519MLKEM768:X25519", "N": 300, "TCPLossProbes": 20, "TCPLossProbeRecovery": 17, "TCPTimeouts": 16, "TCPSackRecovery": 15, "TCPLostRetransmit": 2, "TCPFastRetrans": 15}
{"label": "pass=B;cert=ec;rtt=20;model=bernoulli;p=0.05;dir=c2s", "group": "default", "N": 300, "TCPLossProbes": 18, "TCPLossProbeRecovery": 18, "TCPTimeouts": 10, "TCPSackRecovery": 22, "TCPLostRetransmit": 0, "TCPFastRetrans": 22}
{"label": "pass=B;cert=ec;rtt=20;model=bernoulli;p=0.1;dir=c2s", "group": "X25519", "N": 300, "TCPLossProbes": 36, "TCPLossProbeRecovery": 26, "TCPTimeouts": 38, "TCPSackRecovery": 37, "TCPLostRetransmit": 8, "TCPFastRetrans": 37}
{"label": "pass=B;cert=ec;rtt=20;model=bernoulli;p=0.1;dir=c2s", "group": "X25519MLKEM768:X25519", "N": 300, "TCPLossProbes": 39, "TCPLossProbeRecovery": 30, "TCPTimeouts": 42, "TCPSackRecovery": 26, "TCPLostRetransmit": 4, "TCPFastRetrans": 26}
{"label": "pass=B;cert=ec;rtt=20;model=bernoulli;p=0.1;dir=c2s", "group": "default", "N": 300, "TCPLossProbes": 34, "TCPLossProbeRecovery": 24, "TCPTimeouts": 53, "TCPSackRecovery": 56, "TCPLostRetransmit": 11, "TCPFastRetrans": 56}
{"label": "pass=B;cert=ec;rtt=50;model=bernoulli;p=0.0;dir=c2s", "group": "X25519", "N": 50, "TCPLossProbes": 0, "TCPLossProbeRecovery": 0, "TCPTimeouts": 0, "TCPSackRecovery": 0, "TCPLostRetransmit": 0, "TCPFastRetrans": 0}
{"label": "pass=B;cert=ec;rtt=50;model=bernoulli;p=0.0;dir=c2s", "group": "X25519MLKEM768:X25519", "N": 50, "TCPLossProbes": 0, "TCPLossProbeRecovery": 0, "TCPTimeouts": 0, "TCPSackRecovery": 0, "TCPLostRetransmit": 0, "TCPFastRetrans": 0}
{"label": "pass=B;cert=ec;rtt=50;model=bernoulli;p=0.0;dir=c2s", "group": "default", "N": 50, "TCPLossProbes": 0, "TCPLossProbeRecovery": 0, "TCPTimeouts": 0, "TCPSackRecovery": 0, "TCPLostRetransmit": 0, "TCPFastRetrans": 0}
{"label": "pass=B;cert=ec;rtt=50;model=bernoulli;p=0.05;dir=c2s", "group": "X25519", "N": 300, "TCPLossProbes": 19, "TCPLossProbeRecovery": 14, "TCPTimeouts": 15, "TCPSackRecovery": 19, "TCPLostRetransmit": 3, "TCPFastRetrans": 19}
{"label": "pass=B;cert=ec;rtt=50;model=bernoulli;p=0.05;dir=c2s", "group": "X25519MLKEM768:X25519", "N": 300, "TCPLossProbes": 13, "TCPLossProbeRecovery": 11, "TCPTimeouts": 13, "TCPSackRecovery": 12, "TCPLostRetransmit": 0, "TCPFastRetrans": 12}
{"label": "pass=B;cert=ec;rtt=50;model=bernoulli;p=0.05;dir=c2s", "group": "default", "N": 300, "TCPLossProbes": 11, "TCPLossProbeRecovery": 7, "TCPTimeouts": 18, "TCPSackRecovery": 34, "TCPLostRetransmit": 3, "TCPFastRetrans": 34}
{"label": "pass=B;cert=ec;rtt=50;model=bernoulli;p=0.1;dir=c2s", "group": "X25519", "N": 300, "TCPLossProbes": 26, "TCPLossProbeRecovery": 15, "TCPTimeouts": 38, "TCPSackRecovery": 36, "TCPLostRetransmit": 10, "TCPFastRetrans": 36}
{"label": "pass=B;cert=ec;rtt=50;model=bernoulli;p=0.1;dir=c2s", "group": "X25519MLKEM768:X25519", "N": 300, "TCPLossProbes": 29, "TCPLossProbeRecovery": 24, "TCPTimeouts": 35, "TCPSackRecovery": 31, "TCPLostRetransmit": 6, "TCPFastRetrans": 31}
{"label": "pass=B;cert=ec;rtt=50;model=bernoulli;p=0.1;dir=c2s", "group": "default", "N": 300, "TCPLossProbes": 29, "TCPLossProbeRecovery": 15, "TCPTimeouts": 35, "TCPSackRecovery": 62, "TCPLostRetransmit": 5, "TCPFastRetrans": 62}
{"label": "pass=B;cert=ec;rtt=100;model=bernoulli;p=0.0;dir=c2s", "group": "X25519", "N": 50, "TCPLossProbes": 0, "TCPLossProbeRecovery": 0, "TCPTimeouts": 0, "TCPSackRecovery": 0, "TCPLostRetransmit": 0, "TCPFastRetrans": 0}
{"label": "pass=B;cert=ec;rtt=100;model=bernoulli;p=0.0;dir=c2s", "group": "X25519MLKEM768:X25519", "N": 50, "TCPLossProbes": 0, "TCPLossProbeRecovery": 0, "TCPTimeouts": 0, "TCPSackRecovery": 0, "TCPLostRetransmit": 0, "TCPFastRetrans": 0}
{"label": "pass=B;cert=ec;rtt=100;model=bernoulli;p=0.0;dir=c2s", "group": "default", "N": 50, "TCPLossProbes": 0, "TCPLossProbeRecovery": 0, "TCPTimeouts": 0, "TCPSackRecovery": 0, "TCPLostRetransmit": 0, "TCPFastRetrans": 0}
{"label": "pass=B;cert=ec;rtt=100;model=bernoulli;p=0.05;dir=c2s", "group": "X25519", "N": 300, "TCPLossProbes": 16, "TCPLossProbeRecovery": 14, "TCPTimeouts": 17, "TCPSackRecovery": 18, "TCPLostRetransmit": 2, "TCPFastRetrans": 18}
{"label": "pass=B;cert=ec;rtt=100;model=bernoulli;p=0.05;dir=c2s", "group": "X25519MLKEM768:X25519", "N": 300, "TCPLossProbes": 11, "TCPLossProbeRecovery": 8, "TCPTimeouts": 18, "TCPSackRecovery": 9, "TCPLostRetransmit": 2, "TCPFastRetrans": 9}
{"label": "pass=B;cert=ec;rtt=100;model=bernoulli;p=0.05;dir=c2s", "group": "default", "N": 300, "TCPLossProbes": 15, "TCPLossProbeRecovery": 15, "TCPTimeouts": 12, "TCPSackRecovery": 28, "TCPLostRetransmit": 0, "TCPFastRetrans": 28}
{"label": "pass=B;cert=ec;rtt=100;model=bernoulli;p=0.1;dir=c2s", "group": "X25519", "N": 300, "TCPLossProbes": 43, "TCPLossProbeRecovery": 33, "TCPTimeouts": 46, "TCPSackRecovery": 26, "TCPLostRetransmit": 7, "TCPFastRetrans": 26}
{"label": "pass=B;cert=ec;rtt=100;model=bernoulli;p=0.1;dir=c2s", "group": "X25519MLKEM768:X25519", "N": 300, "TCPLossProbes": 38, "TCPLossProbeRecovery": 28, "TCPTimeouts": 44, "TCPSackRecovery": 37, "TCPLostRetransmit": 9, "TCPFastRetrans": 37}
{"label": "pass=B;cert=ec;rtt=100;model=bernoulli;p=0.1;dir=c2s", "group": "default", "N": 300, "TCPLossProbes": 32, "TCPLossProbeRecovery": 25, "TCPTimeouts": 39, "TCPSackRecovery": 53, "TCPLostRetransmit": 7, "TCPFastRetrans": 53}
{"label": "pass=B;cert=ec;rtt=200;model=bernoulli;p=0.0;dir=c2s", "group": "X25519", "N": 50, "TCPLossProbes": 0, "TCPLossProbeRecovery": 0, "TCPTimeouts": 0, "TCPSackRecovery": 0, "TCPLostRetransmit": 0, "TCPFastRetrans": 0}
{"label": "pass=B;cert=ec;rtt=200;model=bernoulli;p=0.0;dir=c2s", "group": "X25519MLKEM768:X25519", "N": 50, "TCPLossProbes": 0, "TCPLossProbeRecovery": 0, "TCPTimeouts": 0, "TCPSackRecovery": 0, "TCPLostRetransmit": 0, "TCPFastRetrans": 0}
{"label": "pass=B;cert=ec;rtt=200;model=bernoulli;p=0.0;dir=c2s", "group": "default", "N": 50, "TCPLossProbes": 0, "TCPLossProbeRecovery": 0, "TCPTimeouts": 0, "TCPSackRecovery": 0, "TCPLostRetransmit": 0, "TCPFastRetrans": 0}
{"label": "pass=B;cert=ec;rtt=200;model=bernoulli;p=0.05;dir=c2s", "group": "X25519", "N": 300, "TCPLossProbes": 15, "TCPLossProbeRecovery": 13, "TCPTimeouts": 12, "TCPSackRecovery": 19, "TCPLostRetransmit": 1, "TCPFastRetrans": 19}
{"label": "pass=B;cert=ec;rtt=200;model=bernoulli;p=0.05;dir=c2s", "group": "X25519MLKEM768:X25519", "N": 300, "TCPLossProbes": 21, "TCPLossProbeRecovery": 20, "TCPTimeouts": 21, "TCPSackRecovery": 14, "TCPLostRetransmit": 4, "TCPFastRetrans": 14}
{"label": "pass=B;cert=ec;rtt=200;model=bernoulli;p=0.05;dir=c2s", "group": "default", "N": 300, "TCPLossProbes": 20, "TCPLossProbeRecovery": 15, "TCPTimeouts": 21, "TCPSackRecovery": 29, "TCPLostRetransmit": 5, "TCPFastRetrans": 29}
{"label": "pass=B;cert=ec;rtt=200;model=bernoulli;p=0.1;dir=c2s", "group": "X25519", "N": 150, "TCPLossProbes": 16, "TCPLossProbeRecovery": 10, "TCPTimeouts": 30, "TCPSackRecovery": 15, "TCPLostRetransmit": 4, "TCPFastRetrans": 15}
{"label": "pass=B;cert=ec;rtt=200;model=bernoulli;p=0.1;dir=c2s", "group": "X25519MLKEM768:X25519", "N": 150, "TCPLossProbes": 13, "TCPLossProbeRecovery": 6, "TCPTimeouts": 26, "TCPSackRecovery": 18, "TCPLostRetransmit": 3, "TCPFastRetrans": 18}
{"label": "pass=B;cert=ec;rtt=200;model=bernoulli;p=0.1;dir=c2s", "group": "default", "N": 150, "TCPLossProbes": 15, "TCPLossProbeRecovery": 12, "TCPTimeouts": 20, "TCPSackRecovery": 27, "TCPLostRetransmit": 4, "TCPFastRetrans": 27}
